Technology,Capacity,Fuel,FOM,VOM
PV,0.100142949
Wind,0.178036846
PHP,0.053821388
PHS,0.003834371
BP,0.00140722153566053
BS,0.0138021052066805

PHP,0.053821388
PHS,0.003834371
BP,0.00140722153566053
BS,0.0138021052066805

Hydro,0.05
Bio,0.101
GasCap,0.072168375
GasFuel,0.113
PHES-VOM,0.0003
B-VOM,0
LegPH,0.130396019
LegINTC,0.200316311
